{
    "ElderwellForest": [
        {
            "Region": "Forest",
            "Name": "",
            "EnemyType": "Squirrel",
            "PhysicalRes": 0,
            "MagicalRes": 0,
            "Boss": false,
            "Health": 2,
            "Strength": 2,
            "Dexterity": 25,
            "MinExp": 1,
            "MaxExp": 4,
            "Level": 1,

            "dropChance": 30,
            "materialID": "squirrelTail",
            "novasMin": 5,
            "novasMax": 5,
             "attackID1": "bite",
            "attackID2": "scratchSmal",
            "attackID3": "tailWhip"
        },

        {
            "Region": "Forest",
            "Name": "",
            "EnemyType": "Rabbit",
            "PhysicalRes": 0,
            "MagicalRes": 0,
            "Boss": false,
            "Health": 2,
            "Strength": 2,
            "Dexterity": 35,
            "MinExp": 3,
            "MaxExp": 5,
            "Level": 1,

            "dropChance": 30,
            "novasMin": 5,
            "novasMax": 5,

            "materialID": "rabbitFoot",
            "attackID1": "bite",
            "attackID2": "tailWhip",
            "attackID3": "tailWhip"
        },

        {
            "Region": "Forest",
            "Name": "",
            "EnemyType": "Slime",
            "PhysicalRes": 0.1,
            "MagicalRes": 0,
            "Boss": false,
            "Health": 10,
            "Strength": 5,
            "Dexterity": 8,
            "MinExp": 3,
            "MaxExp": 7,
            "Level": 1,

            "dropChance": 30,
            "novasMin": 5,
            "novasMax": 5,
            "materialID": "slimeGoop",
            "attackID1": "tackle",
            "attackID2": "tackle",
            "attackID3": "tackle"
        },

        {
            "Region": "Forest",
            "Name": "",
            "EnemyType": "Wolf",
            "PhysicalRes": 0,
            "MagicalRes": 0,
            "Boss": false,
            "Health": 16,
            "Strength": 8,
            "Dexterity": 10,
            "MinExp": 5,
            "MaxExp": 10,
            "Level": 2,

            "dropChance": 30,
            "novasMin": 5,
            "novasMax": 5,
            "materialID": "wolfHide",
             "attackID1": "bite",
            "attackID2": "scratchBig",
            "attackID3": "normal"
        },

        {
            "Region": "Forest",
            "Name": "",
            "EnemyType": "Boar",
            "PhysicalRes": 0.2,
            "MagicalRes": 0,
            "Boss": false,
            "Health": 16,
            "Strength": 10,
            "Dexterity": 11,
            "MinExp": 6,
            "MaxExp": 12,
            "Level": 2,

            "dropChance": 30,
            "novasMin": 5,
            "novasMax": 5,
            "materialID": "boarTusk",
             "attackID1": "charge",
            "attackID2": "bigBite",
            "attackID3": "percisionStrike"
        },

        {
            "Region": "Forest",
            "Name": "Nuker",
            "EnemyType": "Lightning Rabbit",
            "PhysicalRes": 0,
            "MagicalRes": 0,
            "Boss": true,
            "Health": 16,
            "Strength": 5,
            "Dexterity": 35,
            "MinExp": 3,
            "MaxExp": 5,
            "Level": 3,

            "dropChance": 30,
            "novasMin": 5,
            "novasMax": 5,

            "materialID": "lightningRabbitFoot",
             "attackID1": "lightningBlast",
            "attackID2": "lightningBlast",
            "attackID3": "lightningBlast"
        },

        {
            "Region": "Forest",
            "Name": "",
            "EnemyType": "Bear",
            "PhysicalRes": 0.3,
            "MagicalRes": 0,
            "Boss": false,
            "Health": 20,
            "Strength": 13,
            "Dexterity": 10,
            "MinExp": 9,
            "MaxExp": 15,
            "Level": 3,

            "dropChance": 30,
            "novasMin": 5,
            "novasMax": 5,
            "materialID": "bearClaw",
             "attackID1": "bigBite",
            "attackID2": "scratchBig",
            "attackID3": "normal"
        },

        {
            "Region": "Forest",
            "Name": "",
            "EnemyType": "Sprig",
            "PhysicalRes": 0.2,
            "MagicalRes": 0.5,
            "Boss": false,
            "Health": 26,
            "Strength": 11,
            "Dexterity": 13,
            "MinExp": 15,
            "MaxExp": 20,
            "Level": 3,

            "dropChance": 30,
            "novasMin": 5,
            "novasMax": 5,
            "materialID": "sprigHeart",
             "attackID1": "magicPunch",
            "attackID2": "woodenSword",
            "attackID3": "magicPunch"
        },
        {
            "Region": "Forest",
            "Name": "",
            "EnemyType": "Stump Golem",
            "PhysicalRes": 0.5,
            "MagicalRes": 0,
            "Boss": false,
            "Health": 32,
            "Strength": 16,
            "Dexterity": 8,
            "MinExp": 18,
            "MaxExp": 25,
            "Level": 4,

            "dropChance": 30,
            "novasMin": 5,
            "novasMax": 5,
            "materialID": "heartWood",
             "attackID1": "charge",
            "attackID2": "charge",
            "attackID3": "charge"
        },

        {
            "Region": "Forest",
            "Name": "",
            "PhysicalRes": 0,
            "MagicalRes": 0.4,
            "EnemyType": "Fairy",
            "Boss": false,
            "Health": 5,
            "Strength": 5,
            "Dexterity": 25,
            "MinExp": 22,
            "MaxExp": 30,
            "Level": 4,

            "dropChance": 30,
            "novasMin": 5,
            "novasMax": 5,
            "materialID": "fairyWings",
             "attackID1": "bigBite",
            "attackID2": "scratchBig",
            "attackID3": "scratchBig"
        },
        {
            "Region": "Forest",
            "Name": "",
            "EnemyType": "Dragon",
            "PhysicalRes": 0.3,
            "MagicalRes": 0.3,
            "Boss": false,
            "Health": 37,
            "Strength": 15,
            "Dexterity": 15,
            "MinExp": 30,
            "MaxExp": 60,
            "Level": 5,

            "dropChance": 30,
            "novasMin": 5,
            "novasMax": 5,
            "materialID": "fDragonScale",
             "attackID1": "bite",
            "attackID2": "scratchSmal",
            "attackID3": "tailWhip"
        }
    ],

    "ElderwellHorseCarriage":
    [
        {
            "Region": "ElderwellHorseCarriage",
            "Name": "",
            "EnemyType": "Human Squire",
            "PhysicalRes": 0.3,
            "MagicalRes": 0,
            "Boss": false,
            "Health": 15,
            "Strength": 10,
            "Dexterity": 8,
            "MinExp": 9,
            "MaxExp": 15,
            "Level": 2,

            "dropChance": 30,
            "novasMin": 10,
            "novasMax": 15,
            "materialID": "",
             "attackID1": "steelSword",
            "attackID2": "percisionStrike",
            "attackID3": "normal"
        },

        {
            "Region": "ElderwellHorseCarriage",
            "Name": "",
            "EnemyType": "Dwarf Squire",
            "PhysicalRes": 0.5,
            "MagicalRes": 0.1,
            "Boss": false,
            "Health": 17,
            "Strength": 11,
            "Dexterity": 5,
            "MinExp": 30,
            "MaxExp": 60,
            "Level": 2,

            "dropChance": 30,
            "novasMin": 10,
            "novasMax": 15,
            "materialID": "",
             "attackID1": "steelSword",
            "attackID2": "percisionStrike",
            "attackID3": "normal"
        },

        {
            "Region": "ElderwellHorseCarriage",
            "Name": "",
            "EnemyType": "Elf Squire",
            "PhysicalRes": 0.1,
            "MagicalRes": 0.5,
            "Boss": false,
            "Health": 13,
            "Strength": 8,
            "Dexterity": 10,
            "MinExp": 9,
            "MaxExp": 15,
            "Level": 2,

            "dropChance": 30,
            "novasMin": 10,
            "novasMax": 15,
            "materialID": "",
             "attackID1": "steelSword",
            "attackID2": "percisionStrike",
            "attackID3": "normal"
        },

        {
            "Region": "ElderwellHorseCarriage",
            "Name": "",
            "EnemyType": "Human Nobel",
            "PhysicalRes": 0.2,
            "MagicalRes": 0,
            "Boss": false,
            "Health": 12,
            "Strength": 8,
            "Dexterity": 8,
            "MinExp": 6,
            "MaxExp": 12,
            "Level": 1,

            "dropChance": 30,
            "novasMin": 20,
            "novasMax": 25,
            "materialID": "",
             "attackID1": "steelSword",
            "attackID2": "light",
            "attackID3": "normal"
        },

        {
            "Region": "ElderwellHorseCarriage",
            "Name": "",
            "EnemyType": "Dwarf Nobel",
            "PhysicalRes": 0.3,
            "MagicalRes": 0.05,
            "Boss": false,
            "Health": 15,
            "Strength": 8,
            "Dexterity": 8,
            "MinExp": 6,
            "MaxExp": 12,
            "Level": 1,

            "dropChance": 30,
            "novasMin": 20,
            "novasMax": 25,
            "materialID": "",
             "attackID1": "steelSword",
            "attackID2": "light",
            "attackID3": "normal"
        },

        {
            "Region": "ElderwellHorseCarriage",
            "Name": "",
            "EnemyType": "Elf Nobel",
            "PhysicalRes": 0.05,
            "MagicalRes": 0.2,
            "Boss": false,
            "Health": 11,
            "Strength": 6,
            "Dexterity": 8,
            "MinExp": 6,
            "MaxExp": 12,
            "Level": 1,

            "dropChance": 30,
            "novasMin": 20,
            "novasMax": 25,
            "materialID": "",
             "attackID1": "steelSword",
            "attackID2": "light",
            "attackID3": "normal"
        }
    ],

    "ElderwellFairyCapture":
    [
        {
            "Region": "ElderwellFairyCapture",
            "Name": "",
            "EnemyType": "Troll",
            "PhysicalRes": 0.2,
            "MagicalRes": 0.1,
            "Boss": false,
            "Health": 12,
            "Strength": 11,
            "Dexterity": 6,
            "MinExp": 9,
            "MaxExp": 15,
            "Level": 3,

            "dropChance": 30,
            "novasMin": 2,
            "novasMax": 5,
            "materialID": "trollSnot",
             "attackID1": "tackle",
            "attackID2": "woodenSword",
            "attackID3": "light"
        },

         {
            "Region": "ElderwellFairyCapture",
            "Name": "",
            "EnemyType": "Troll Brute",
            "PhysicalRes": 0.2,
            "MagicalRes": 0.1,
            "Boss": false,
            "Health": 15,
            "Strength": 13,
            "Dexterity": 2,
            "MinExp": 9,
            "MaxExp": 15,
            "Level": 3,

            "dropChance": 30,
            "novasMin": 2,
            "novasMax": 5,
            "materialID": "trollSnot",
             "attackID1": "charge",
            "attackID2": "woodenSword",
            "attackID3": "heavy"
        }
    ]
}