{
    "id": "bottomOfTheWell",
    "type": "Quest",
    "name": "Town Center Night 1 Quest",

    "status": 0,
    "messageIndex": 0,

    "QuestID": "bottomOfTheWell",

    "Well Actions":
    [
       {
            "actionDescription": "Swim down the well",
            "target": "Locations/Town1Well/well.json"
       }
    ],

    "Tavern Actions":
    [
       {
            "actionDescription": "Ask about the Key",
            "target": "keyAsk"
       }
    ],

    "Append Inventory":
    [

    ],

    "Quest Messages":
    [
        {
            "message": "There is something at the bottom of the well!"
        },
        {
            "message": "Find the Key for the bottom of the well."
        },
        {
            "message": "Use the key for the bottom of the well!"
        }
    ]
}