{
    "Crafting Materials":
    [
        {
            "ID": "",
            "Name": "",
            "Rarity": -1,
            "Cost": 0,
            "Effects":
            [
                {
                    "ID": "-",
                    "type": "physical",
                    "baseDmg": 0
                }
            ]
        },

        {
            "ID": "grass",
            "Name": "Grass",
            "Rarity": 0,
            "Cost": 0,
            "Effects":
            [
                {
                    "ID": "-",
                    "type": "physical",
                    "baseDmg": 0
                }
            ]
        },

        {
            "ID": "leaf",
            "Name": "Leaf",
            "Rarity": 0,
            "Cost": 0,
            "Effects":
            [
                {
                    "ID": "-",
                    "type": "physical",
                    "baseDmg": 0
                }
            ]
        },

        {
            "ID": "wood",
            "Name": "Wood",
            "Rarity": 0,
            "Cost": 1,
            "Effects":
            [
                {
                    "ID": "-",
                    "type": "physical",
                    "baseDmg": 1
                }
            ]
        },

        {
            "ID": "rose",
            "Name": "Rose",
            "Rarity": 2,
            "Cost": 10,
            "Effects":
            [
                {
                    "ID": "-",
                    "type": "physical",
                    "baseDmg": 2,
                    "critChance": 10
                },

                {
                    "ID": "<-",
                    "type": "physical",
                    "baseDmg": 1,
                    "selfDamage": true
                }
            ]
        },

        {
            "ID": "stoneWood",
            "Name": "Stone Wood",
            "Rarity": 1,
            "Cost": 2,
            "Effects":
            [
                {
                    "ID": "-",
                    "type": "physical",
                    "baseDmg": 2
                }
            ]
        },

        {
            "ID": "stone",
            "Name": "Stone",
            "Rarity": 1,
            "Cost": 2,
            "Effects":
            [
                {
                    "ID": "-",
                    "type": "physical",
                    "baseDmg": 2
                }
            ]
        },

        {
            "ID": "ironWood",
            "Name": "Iron Wood",
            "Rarity": 2,
            "Cost": 5,
            "Effects":
            [
                {
                    "ID": "-",
                    "type": "physical",
                    "baseDmg": 4
                }
            ]
        },

        {
            "ID": "squirrelTail",
            "Name": "Squirrel Tail",
            "Rarity": 1,
            "Cost": 3,
            "Effects":
            [
                {
                    "ID": "-",
                    "type": "physical",
                    "baseDmg": 1,
                    "critChance": 10
                }
            ]
        },

        {
            "ID": "rabbitFoot",
            "Name": "Rabbit's Foot",
            "Rarity": 1,
            "Cost": 5,
            "Effects":
            [
                {
                    "ID": "-",
                    "type": "physical",
                    "baseDmg": 1,
                    "critChance": 5,
                    "dexModi": 2
                }
            ]
        },

        {
            "ID": "slimeGoop",
            "Name": "Slime Goop",
            "Rarity": 1,
            "Cost": 5,
            "Effects":
            [
                {
                    "ID": "-",
                    "type": "physical",
                    "baseDmg": 1,
                    "critChance": 5
                }
            ]
        },

        {
            "ID": "wolfHide",
            "Name": "Wolf's Hide",
            "Rarity": 1,
            "Cost": 8,
            "Effects":
            [
                {
                    "ID": "-",
                    "type": "physical",
                    "baseDmg": 2,
                    "critChance": 5
                }
            ]
        },

        {
            "ID": "wolfTail",
            "Name": "Wolf's Tail",
            "Rarity": 1,
            "Cost": 8,
            "Effects":
            [
                {
                    "ID": "-",
                    "type": "physical",
                    "baseDmg": 2,
                    "critChance": 7
                }
            ]
        },

        {
            "ID": "wolfFang",
            "Name": "Wolf's Fang",
            "Rarity": 1,
            "Cost": 6,
            "Effects":
            [
                {
                    "ID": "-",
                    "type": "physical",
                    "baseDmg": 3,
                    "critChance": 7
                }
            ]
        },

        {
            "ID": "trollSnot",
            "Name": "Troll Snot",
            "Rarity": 2,
            "Cost": 5,
            "Effects":
            [
                {
                    "ID": "-",
                    "type": "physical",
                    "baseDmg": 3,
                    "critChance": 10
                },

                {
                    "ID": "&",
                    "type": "magical",
                    "bindChance": 5
                }
            ]
        },

        {
            "ID": "boarTusk",
            "Name": "Boar Tusk",
            "Rarity": 2,
            "Cost": 10,
            "Effects":
            [
                {
                    "ID": "-",
                    "type": "physical",
                    "baseDmg": 3,
                    "critChance": 5,
                    "dexModi": 4
                }
            ]
        },

        {
            "ID": "bearClaw",
            "Name": "Bear Claw",
            "Rarity": 2,
            "Cost": 15,
            "Effects":
            [
                {
                    "ID": "-",
                    "type": "physical",
                    "baseDmg": 4,
                    "critChance": 10
                }
            ]
        },

        {
            "ID": "sprigHeart",
            "Name": "Sprig's Heart",
            "Rarity": 3,
            "Cost": 20,
            "Effects":
            [
                {
                    "ID": "-",
                    "type": "magical",
                    "baseDmg": 5,
                    "critChance": 5
                },

                {
                    "ID": "0",
                    "type": "magical",
                    "shieldDuration": 1
                }
            ]
        },

        {
            "ID": "lightningRabbitFoot",
            "Name": "Lightning Rabbit's Foot",
            "Rarity": 3,
            "Cost": 20,
            "Effects":
            [
                {
                    "ID": "-",
                    "type": "magical",
                    "baseDmg": 5,
                    "critChance": 5,
                    "dexModi": 4
                },

                {
                    "ID": "<-",
                    "type": "magical",
                    "baseDmg": 5,
                    "critChance": 5,
                    "selfDamage": true
                }
            ]
        },

        {
            "ID": "heartWood",
            "Name": "Heart Wood",
            "Rarity": 3,
            "Cost": 25,
            "Effects":
            [
                {
                    "ID": "-",
                    "type": "magical",
                    "baseDmg": 8,
                    "dexModi": -3,
                    "critChance": 10
                }
            ]
        },

        {
            "ID": "fairyWings",
            "Name": "Fairy Wings",
            "Rarity": 4,
            "Cost": 25,
            "Effects":
            [
                {
                    "ID": "-",
                    "type": "magical",
                    "baseDmg": 6,
                    "dexModi": 4,
                    "critChance": 20
                }
            ]
        },

        {
            "ID": "pixieDust",
            "Name": "Pixie Dust",
            "Rarity": 5,
            "Cost": 30,
            "Effects":
            [
                {
                    "ID": "-",
                    "type": "magical",
                    "baseDmg": 4,
                    "dexModi": 6
                }
            ]
        },

        {
            "ID": "fDragonScale",
            "Name": "Forest Dragon Scale",
            "Rarity": 5,
            "Cost": 30,
            "Effects":
            [
                {
                    "ID": "-",
                    "type": "physical",
                    "baseDmg": 8,
                    "dexModi": 2,
                    "critChance": 15
                }
            ]
        },

        {
            "ID": "fDragonClaw",
            "Name": "Forest Dragon Claw",
            "Rarity": 5,
            "Cost": 40,
            "Effects":
            [
                {
                    "ID": "-",
                    "type": "physical",
                    "baseDmg": 8,
                    "dexModi": 2,
                    "critChance": 15
                },

                {
                    "ID": "&",
                    "type": "magical",
                    "bindChance": 13
                }
            ]
        }
    ]
}