{
    "id": "b1",
    "type": "blacksmith",
    "name": "Blackthane's Smithy",
    "header": "Welcome to Blackthane's Smithy. What do you do?",
    "buyMessage": "Sharpest blades around! What do you want?",
    "craftMessage": "What can I craft for you?",
    "maxRarity": 2,
    

    "Actions":
    [
        {
            "actionDescription": "Buy",
            "target": "buyItems"
        },

        {
            "actionDescription": "Craft",
            "target": "craftItems"
        },

        {
            "actionDescription": "Rumor",
            "target": "hearRumor"
        },

        {
            "actionDescription": "Leave",
            "target": "Locations/Town1Day/town.json"
        }  
    ],

    "Inventory":
    [
        {
            "ID": "woodenSword",
            "actionDescription": "[1] Wooden Sword",
            "Cost": 15
        },

        {
            "ID": "steelSword",
            "actionDescription": "[2] Steel Sword",
            "Cost": 30
        },

        {
            "actionDescription": "[3] Back"
        }
    ],

    "questEffect":
    [
        {
            "questID": "lightningRabbit",
            "target": "Quests/lightningRabbit.json"
        }
    ]
}