{
    "id": "efE3",
    "type": "forestEncounter",
    "name": "Abandond Tent Encounter",
    "header": "You come across a campsite with a fire that has long been extinguished. What do you do?",

    "Actions":
    [
        {
            "actionDescription": "Make Camp. ",
            "target": "makeCamp"
        },

        {
            "actionDescription": "Pillage. ",
            "target": "pillageCamp"
        },

        {
            "actionDescription": "Leave",
            "target": "Locations/ElderwellForest/elderwellForest.json"
        }
    ]
}