{
    "id": "efE1",
    "type": "forestEncounter",
    "name": "Horse Cart Encounter",
    "header": "You notice a horse drawn carriage on the path. What do you do?",

    "Actions":
    [
        {
            "actionDescription": "Help them. ",
            "target": "efHorseCartHelp"
        },

        {
            "actionDescription": "Pillage the cart. ",
            "target": "efHorseCartPil"
        },

        {
            "actionDescription": "Leave",
            "target": "Locations/ElderwellForest/elderwellForest.json"
        }
    ]
}