{
    "id": "efE4",
    "type": "forestEncounter",
    "name": "Hurt Wolf Encounter",
    "header": "You come across a wolf that lay in a puddle of its own blood. What do you do?",

    "Actions":
    [
        {
            "actionDescription": "Give it a health potion. ",
            "target": "healWolf"
        },

        {
            "actionDescription": "Put it out of its misery. ",
            "target": "killWolf"
        },

        {
            "actionDescription": "Leave",
            "target": "Locations/ElderwellForest/elderwellForest.json"
        }
    ]
}