{
   "Attacks": [
      {
         "ID": "WoodSword",
         "Name": "WoodSword",
         "type": "attack",
         "Effects": [
            {
               "ID": "-",
               "type": "physical",
               "baseDmg": 3
            }
         ]
      },
      {
         "ID": "custom atk",
         "Name": "custom atk",
         "type": "attack",
         "Effects": [
            {
               "ID": "-",
               "type": "physical",
               "baseDmg": 11,
               "dexModi": 4,
               "critChance": 15
            },
            {
               "ID": "&",
               "type": "magical",
               "bindChance": 10
            },
            {
               "ID": "-",
               "type": "physical",
               "baseDmg": 5,
               "dexModi": 4,
               "critChance": 5
            },
            {
               "ID": "-",
               "type": "physical",
               "baseDmg": 6,
               "dexModi": 8,
               "critChance": 10
            }
         ]
      },
      {
         "ID": "CA1",
         "Name": "CA1",
         "type": "attack",
         "Effects": [
            {
               "ID": "-",
               "type": "physical",
               "baseDmg": 13,
               "critChance": 24
            },
            {
               "ID": "&",
               "type": "magical",
               "bindChance": 10
            },
            {
               "ID": "-",
               "type": "physical",
               "baseDmg": 9,
               "critChance": 21
            },
            {
               "ID": "-",
               "type": "physical",
               "baseDmg": 6,
               "critChance": 14
            }
         ]
      }
   ]
}